"Vehicle ID","Chassis Number","T-Box ID","Battery Type","Derived Status","Customer ID","Dealer ID","Model","Region"
"01576e43-795a-474f-9152-6966a9805ebd","LL22AH7SWE0800233","","d71d5024-9949-4c4a-9571-ffd78f0583d3","SOLD","d7e35e45-4929-4340-bb56-45f6fac3797d","f25698a3-c6bd-410c-8dc2-edc7f9310a98","rc189",""
"03173f3f-1f32-48ac-a404-246b20ae28f8","LL22AH7SWE0800194","","d71d5024-9949-4c4a-9571-ffd78f0583d3","SOLD","86dfaa8f-2386-428b-854d-b2e81ee5939a","f25698a3-c6bd-410c-8dc2-edc7f9310a98","rc189",""
"039e8579-d943-4a58-9031-aa67e84aae46","LL22AH7SWE0800216","","d71d5024-9949-4c4a-9571-ffd78f0583d3","SOLD","04b2548a-a29b-42c8-afb4-5e16edd60186","e3e4f0af-4e77-48c7-bee4-03012e02869a","rc189",""
"0532598f-4ab9-4c15-a136-f77bbef5e662","CHS0001","","7e655ec5-ad99-4f16-89de-d62ba937f92f","CUSTOMER_RESERVED","5f789f7b-ede9-49de-9079-5c2471e00fc1","","rc189",""
"054ef642-d70c-4ffd-a42e-c29a7446ca45","KALE22A26PR800096","","d71d5024-9949-4c4a-9571-ffd78f0583d3","SOLD","5f600b1b-8425-422e-bf78-f862d2c2095e","821379e7-15b9-4aee-a5ba-88df2636d484","rc189",""
"05ac70f9-ae2a-4823-a7dc-125e8b6d118f","LL22AH7SWE0800168","","d71d5024-9949-4c4a-9571-ffd78f0583d3","DEALER_INSTOCK","","f25698a3-c6bd-410c-8dc2-edc7f9310a98","rc189",""
"0608d057-eb52-446c-bbd6-25a6888f6ec7","LL22AH7SWE0800201","","d71d5024-9949-4c4a-9571-ffd78f0583d3","DEALER_INSTOCK","","5d152fb7-bc70-4f56-8dab-59b0a621e619","rc189",""
"0780f2f7-918d-407f-a53f-52fdaf4659c0","LL22AH7SWE0800190","","d71d5024-9949-4c4a-9571-ffd78f0583d3","SOLD","6670b942-e186-4a19-b4db-31aac41dce9b","e3e4f0af-4e77-48c7-bee4-03012e02869a","rc189",""
"07dfa45e-ab98-48ba-9c94-83e4645ca417","KALE22A26PR800100","","d71d5024-9949-4c4a-9571-ffd78f0583d3","SOLD","0cfff8b4-135a-4389-9c81-af70b5d58310","28cb56c4-cbac-4a10-ba21-d9cce37dd77f","rc189",""
"081f0f2c-40b9-445e-85ca-0f85e2116797","LL22AH7SWE0800239","","d71d5024-9949-4c4a-9571-ffd78f0583d3","SOLD","5d211725-20dc-4b03-9529-a81863ef852f","28cb56c4-cbac-4a10-ba21-d9cce37dd77f","rc189",""
"09a46a11-ce53-4ad2-b2be-2c44312974e9","LL22AH7SWE0800159","","d71d5024-9949-4c4a-9571-ffd78f0583d3","DEALER_INSTOCK","","5d152fb7-bc70-4f56-8dab-59b0a621e619","rc189",""
"0b06cb61-0d23-4640-bd41-1a8e5b8849ae","KALE22A26PR800026","","d71d5024-9949-4c4a-9571-ffd78f0583d3","SOLD","120df0ef-ef99-4698-8152-53ab5a740fdc","9985bf59-3874-42a1-9724-54dc59246b09","rc189",""
"0f44159c-abce-4b95-a9dd-0d49f0c3ca3e","LL22AH7SWE0800146","","d71d5024-9949-4c4a-9571-ffd78f0583d3","SOLD","4a2461ed-fe5d-4ff7-b56b-10fa4bcc0202","9985bf59-3874-42a1-9724-54dc59246b09","rc189",""
"0f80f3bd-0892-47df-a02f-9829c0d8c499","LL22AH7SWE0800211","","d71d5024-9949-4c4a-9571-ffd78f0583d3","FACTORY_INSTOCK","","","rc189",""
"10690fdc-2a14-4719-8390-c7e5f66c0c6c","KALE22A26PR800033","","d71d5024-9949-4c4a-9571-ffd78f0583d3","SOLD","8c21e075-4ed7-4583-8add-932946ad7ebd","9985bf59-3874-42a1-9724-54dc59246b09","rc189",""
"11aafd11-e3f6-42d6-8e74-0e61deba85fc","LL22AH7SWE0800280","","d71d5024-9949-4c4a-9571-ffd78f0583d3","DEALER_INSTOCK","","f4e42db6-4a4e-4502-81a1-52b6fea0613f","rc189",""
"1218ed8a-154e-4576-88d0-474581cb5485","KALE22A26PR800035","","d71d5024-9949-4c4a-9571-ffd78f0583d3","SOLD","54901cf9-44c4-4fdb-a2b6-24a8bbabf333","5ef4d24a-d941-4f30-9328-651187d52da3","rc189",""
"12e1ba0b-efb8-41e3-be30-deb64da44dfe","KALE22A26PR800027","","d71d5024-9949-4c4a-9571-ffd78f0583d3","SOLD","4cb74145-7742-4dc3-a542-14eca54f4c24","fac240d3-71f1-478d-bfbe-0b17222539f8","rc189",""
"13a1b45d-3283-4711-b4aa-733d33379d28","KALE22A26PR800062","","d71d5024-9949-4c4a-9571-ffd78f0583d3","DEALER_INSTOCK","","821379e7-15b9-4aee-a5ba-88df2636d484","rc189",""
"13e238c2-68af-4a11-826d-c605be096ee0","KALE22A26PR800053","","d71d5024-9949-4c4a-9571-ffd78f0583d3","SOLD","3153f42a-e1d8-4cbf-83ce-29c8f036460a","9985bf59-3874-42a1-9724-54dc59246b09","rc189",""
"14dad2bb-1210-4395-96c2-31e89265423d","LL22AH7SWE0800148","","d71d5024-9949-4c4a-9571-ffd78f0583d3","DEALER_INSTOCK","","65a90d25-f1f0-4964-9a74-9abcdc900b43","rc189",""
"1710b68a-87db-4851-b344-32d987c9f1e8","KALE22A26PR800070","","d71d5024-9949-4c4a-9571-ffd78f0583d3","SOLD","24f17de6-2a13-4ac5-a51b-74adb58f0d87","5ef4d24a-d941-4f30-9328-651187d52da3","rc189",""
"1727deaa-7623-428e-ad69-f75beffded31","KALE22A26PR800014","","d71d5024-9949-4c4a-9571-ffd78f0583d3","SOLD","f5cfb949-9499-4a6c-a3c1-f96db34cbe8d","28cb56c4-cbac-4a10-ba21-d9cce37dd77f","rc189",""
"192bfa05-6727-49a3-bc03-6703d223401d","LL22AH7SWE0800230","","d71d5024-9949-4c4a-9571-ffd78f0583d3","DEALER_INSTOCK","","5d152fb7-bc70-4f56-8dab-59b0a621e619","rc189",""
"19c6872a-80ad-498a-86fe-c07c891ae066","KALE22A26PR800071","","d71d5024-9949-4c4a-9571-ffd78f0583d3","SOLD","0e7cec75-f839-43d5-8ef9-cc7ca52becd5","28cb56c4-cbac-4a10-ba21-d9cce37dd77f","rc189",""
"1ac45d6c-9f00-4939-a896-684384a42cd8","KASSL2ME11NM800115","","d71d5024-9949-4c4a-9571-ffd78f0583d3","SOLD","002633a0-dd4f-439f-9201-2e5338f1942f","01e69e5d-99c3-42f8-b5e0-065ec6fc8333","rc189",""
"1e06a166-a824-4ad9-b030-a76985ca329c","LL22AH7SWE0800141","","d71d5024-9949-4c4a-9571-ffd78f0583d3","SOLD","7571ba12-30bf-4997-81c9-b58bc65b049f","9985bf59-3874-42a1-9724-54dc59246b09","rc189",""
"1e0fb600-769d-4442-953c-cb21c9a2b184","LL22AH7SWE0800203","","7e655ec5-ad99-4f16-89de-d62ba937f92f","SOLD","9fa31523-949e-4c74-bd2d-12b77ea2a141","28cb56c4-cbac-4a10-ba21-d9cce37dd77f","rc189",""
"1edaf2dd-0e36-48d3-96e6-c51028b73b8d","LL22AH7SWE0800226","","d71d5024-9949-4c4a-9571-ffd78f0583d3","SOLD","3b444829-e50f-4748-a4f5-6f0f38a1cc30","9985bf59-3874-42a1-9724-54dc59246b09","rc189",""
"1fecba55-28b8-48b1-b374-8f0b4c845949","LL22AH7SWE0800197","","d71d5024-9949-4c4a-9571-ffd78f0583d3","DEALER_INSTOCK","","5d152fb7-bc70-4f56-8dab-59b0a621e619","rc189",""
"208c206e-e67f-47f6-84c3-3def6038e8e5","LL22AH7SWE0800169","","d71d5024-9949-4c4a-9571-ffd78f0583d3","SOLD","8600eec5-2ed2-4be9-8d30-8508f21e5ebe","1bf22597-0268-4141-98bc-6e972cd9dad7","rc189",""
"21743611-871a-4a4f-b20c-d7983d25c9e8","KALE22A26PR800049","","d71d5024-9949-4c4a-9571-ffd78f0583d3","SOLD","6982ec5b-2efe-4c31-97a0-7a398b79589b","9985bf59-3874-42a1-9724-54dc59246b09","rc189",""
"240f0261-cc56-4b0c-b971-75a8acb005ba","KALE22A26PR800135","","d71d5024-9949-4c4a-9571-ffd78f0583d3","CUSTOMER_RESERVED","e41e83a2-2c1f-4a1a-9774-9858a2caaba4","","rc189",""
"2473ba8a-55a7-4615-b80a-c47093f42a54","LL22AH7SWE0800172","","d71d5024-9949-4c4a-9571-ffd78f0583d3","DEALER_INSTOCK","","1bf22597-0268-4141-98bc-6e972cd9dad7","rc189",""
"253992fd-221c-4004-b23b-98f2b73337df","LL22AH7SWE0800185","","d71d5024-9949-4c4a-9571-ffd78f0583d3","SOLD","a8f3b071-b25e-42cb-be26-170923af3b85","e3e4f0af-4e77-48c7-bee4-03012e02869a","rc189",""
"267fc161-69b2-4e40-8879-f6609cfbeed0","KALE22A26PR800017","","d71d5024-9949-4c4a-9571-ffd78f0583d3","SOLD","d003bb13-cb05-41e1-b133-42dbf8d682ec","01e69e5d-99c3-42f8-b5e0-065ec6fc8333","rc189",""
"267fc161-69b2-4e40-8879-f6609cfbeed0","KALE22A26PR800017","","d71d5024-9949-4c4a-9571-ffd78f0583d3","SOLD","d003bb13-cb05-41e1-b133-42dbf8d682ec","01e69e5d-99c3-42f8-b5e0-065ec6fc8333","rc189",""
"272aaccf-314f-478a-90c6-1e4fb5332df2","LL22AH7SWE0800218","","d71d5024-9949-4c4a-9571-ffd78f0583d3","SOLD","bebc9a38-9147-4ab4-a980-7814d1b77456","f4e42db6-4a4e-4502-81a1-52b6fea0613f","rc189",""
"291a4b06-a5f6-4f1a-8626-adf5a2bd0eb0","LL22AH7SWE0800272","","d71d5024-9949-4c4a-9571-ffd78f0583d3","SOLD","1a2b5dcf-24c6-409c-97d4-6498afc67166","f25698a3-c6bd-410c-8dc2-edc7f9310a98","rc189",""
"2923c48e-9a25-4251-9dcc-5ef4fca2459a","LL22AH7SWE0800259","","d71d5024-9949-4c4a-9571-ffd78f0583d3","SOLD","4a017069-22a5-4237-93d5-a7691bab8766","e3e4f0af-4e77-48c7-bee4-03012e02869a","rc189",""
"2b41aa91-0e8b-4d95-ab46-4e84147e4258","KALE22A26PR800111","","d71d5024-9949-4c4a-9571-ffd78f0583d3","SOLD","d96ee2ff-fb93-4f51-9c3a-d0e383a35d2c","943eef4b-31a2-4c01-99cc-c93708943c99","rc189",""
"2d6a813a-3221-46e0-b0d7-7bd35cf35dbf","KALE22A26PR800064","","d71d5024-9949-4c4a-9571-ffd78f0583d3","SOLD","e03104ae-28fa-4b7b-b8ea-b5fa08b659cb","f4e42db6-4a4e-4502-81a1-52b6fea0613f","rc189",""
"2d6a813a-3221-46e0-b0d7-7bd35cf35dbf","KALE22A26PR800064","","d71d5024-9949-4c4a-9571-ffd78f0583d3","SOLD","e03104ae-28fa-4b7b-b8ea-b5fa08b659cb","f4e42db6-4a4e-4502-81a1-52b6fea0613f","rc189",""
"2e576ffa-a2ea-44de-87b9-c9bd2618f172","KALE22A26PR800061","","d71d5024-9949-4c4a-9571-ffd78f0583d3","SOLD","122ea351-a7d7-47d8-af06-0bf80cd9c5a1","9985bf59-3874-42a1-9724-54dc59246b09","rc189",""
"2e994812-b037-4c53-8554-cfc82cd5e3c6","KASSL2ME11NM_TEST1","","d71d5024-9949-4c4a-9571-ffd78f0583d3","FACTORY_INSTOCK","","","rc189",""
"2ff0f863-577d-4f47-a726-b88b4235e852","KALE22A26PR800067","","d71d5024-9949-4c4a-9571-ffd78f0583d3","SOLD","b2510126-4847-48ba-9271-a0238eadc85e","9985bf59-3874-42a1-9724-54dc59246b09","rc189",""
"2ff839e7-f3b1-4331-ab4d-43c3a6242a74","LL22AH7SWE0800252","","d71d5024-9949-4c4a-9571-ffd78f0583d3","DEALER_INSTOCK","","28cb56c4-cbac-4a10-ba21-d9cce37dd77f","rc189",""
"302343d9-ef5d-4490-90f4-f10c51285084","KALE22A26PR800044","","d71d5024-9949-4c4a-9571-ffd78f0583d3","SOLD","af822bc2-ca0d-4400-b265-63d1af936d07","da2aaed2-38e9-4b4a-bdd3-4350a860fda3","rc189",""
"3034b6a8-e659-44e8-a6be-7206111f5542","KALE22A26PR800045","","d71d5024-9949-4c4a-9571-ffd78f0583d3","SOLD","9aa75798-fe37-44e0-acae-dc56c0c01ac7","9985bf59-3874-42a1-9724-54dc59246b09","rc189",""
"3048a332-3fc5-4ce6-b127-acb2d143c7d3","KALE22A26PR800086","","d71d5024-9949-4c4a-9571-ffd78f0583d3","SOLD","6c939379-142a-4b52-ba12-50b98cc20c6d","28cb56c4-cbac-4a10-ba21-d9cce37dd77f","rc189",""
"3084c3da-333b-4b7e-b1a1-7a51d4409196","LL22AH7SWE0800243","","d71d5024-9949-4c4a-9571-ffd78f0583d3","SOLD","d5d97afb-7359-4925-9b4f-7eac5ed867c5","28cb56c4-cbac-4a10-ba21-d9cce37dd77f","rc189",""
"309e3ffb-5ee8-4215-82a1-dc39ed9ea40c","CHTEST001","","7e655ec5-ad99-4f16-89de-d62ba937f92f","CUSTOMER_RESERVED","3b6c991b-c745-41e7-b476-cc262b138846","","rc189",""
"312c38a4-8c91-4d5c-8acd-6fda99f748e4","LL22AH7SWE0800150","","d71d5024-9949-4c4a-9571-ffd78f0583d3","FACTORY_INSTOCK","","","rc189",""
"321dd859-7708-4de4-a0e3-05de6099447b","LL22AH7SWE0800245","","d71d5024-9949-4c4a-9571-ffd78f0583d3","CUSTOMER_RESERVED","e8fb13c9-fd3d-4fbf-85e5-d924e5ffd561","","rc189",""
"3241de86-b53e-4ee9-880e-6ccd58abaaa2","KALE22A26PR800012","","d71d5024-9949-4c4a-9571-ffd78f0583d3","SOLD","66792d08-b28e-4b27-8908-466df00f59a9","f4e42db6-4a4e-4502-81a1-52b6fea0613f","rc189",""
"33eab885-780d-41d5-a380-b0c6ae3f420c","KALE22A26PR800037","","d71d5024-9949-4c4a-9571-ffd78f0583d3","SOLD","3972db8c-34b4-4aa8-bf13-1b4bf6d2deb0","821379e7-15b9-4aee-a5ba-88df2636d484","rc189",""
"33f7b6f1-3370-4ec5-86ba-1f25fee7641c","KALE22A26PR800130","","d71d5024-9949-4c4a-9571-ffd78f0583d3","CUSTOMER_RESERVED","e8732d05-6c62-46c3-be3d-aeaf7146390f","","rc189",""
"35872346-aece-4553-9981-11b235f8dc00","LL22AH7SWE0800212","","d71d5024-9949-4c4a-9571-ffd78f0583d3","FACTORY_INSTOCK","","","rc189",""
"377d1aee-34d5-4fdc-af45-7e6441a9ccc1","KALE22A26PR800011","","d71d5024-9949-4c4a-9571-ffd78f0583d3","SOLD","b916458c-a4e9-4c05-9e5c-59798cb814ba","f4e42db6-4a4e-4502-81a1-52b6fea0613f","rc189",""
"37d2b64f-da3b-44aa-89c4-4ccdc03abc7b","KALE22A26PR800040","","d71d5024-9949-4c4a-9571-ffd78f0583d3","CUSTOMER_RESERVED","7a3d6397-747e-4821-92fa-857cf3d27909","","rc189",""
"399962c8-58f2-4fb2-8586-1d40e7d31f6c","LL22AH7SWE0800249","","7e655ec5-ad99-4f16-89de-d62ba937f92f","SOLD","2395ec50-2e46-401b-a2f4-654f11ad0871","f4e42db6-4a4e-4502-81a1-52b6fea0613f","rc189",""
"3a1fbadd-c86b-49b1-9e08-4a37c00af9ce","test002","","d71d5024-9949-4c4a-9571-ffd78f0583d3","CUSTOMER_RESERVED","73706246-ea81-4460-b0b0-2f5b4c582473","","rc189",""
"3afa75cc-8454-4334-8aca-7cd1425f44da","LL22AH7SWE0800154","","d71d5024-9949-4c4a-9571-ffd78f0583d3","DEALER_INSTOCK","","5d152fb7-bc70-4f56-8dab-59b0a621e619","rc189",""
"3cc48df9-4888-40ee-9ed3-ac715f4799d9","KALE22A26PR800024","","d71d5024-9949-4c4a-9571-ffd78f0583d3","SOLD","a9fc65e1-2ef8-4cda-8ec6-697e274b406f","66b376a4-e302-4826-803c-5dc30e49d0eb","rc189",""
"3d6df5b7-d774-4476-8ee0-395be2b3d3b2","LL22AH7SWE0800151","","d71d5024-9949-4c4a-9571-ffd78f0583d3","SOLD","b1f9651e-4aa3-4239-80cd-ceca07f7ef00","28cb56c4-cbac-4a10-ba21-d9cce37dd77f","rc189",""
"3dfe5ebf-5636-41a4-bcf9-055d9d633bfa","KALE22A26PR800101","","d71d5024-9949-4c4a-9571-ffd78f0583d3","SOLD","09371a55-55bd-4ef4-b9e7-97ad4708f47d","01e69e5d-99c3-42f8-b5e0-065ec6fc8333","rc189",""
"3e4a1325-3d8e-4fbe-b1e4-0bca73035c19","KALE22A26PR800057","","d71d5024-9949-4c4a-9571-ffd78f0583d3","SOLD","8b1d9a2e-e386-4237-9a2f-690820a0694b","9985bf59-3874-42a1-9724-54dc59246b09","rc189",""
"3eb12e20-999c-42ba-a225-a4261d42572b","KALE22A26PR800020","","d71d5024-9949-4c4a-9571-ffd78f0583d3","SOLD","0f8af909-fdef-46f8-8626-3d511867816e","fac240d3-71f1-478d-bfbe-0b17222539f8","rc189",""
"3edd4287-bddf-45a1-be12-86e12c5dba60","KALE22A26PR800104","","d71d5024-9949-4c4a-9571-ffd78f0583d3","SOLD","cf2d4921-3245-4ba6-b32f-66412eb346f6","9985bf59-3874-42a1-9724-54dc59246b09","rc189",""
"3edd4287-bddf-45a1-be12-86e12c5dba60","KALE22A26PR800104","","d71d5024-9949-4c4a-9571-ffd78f0583d3","SOLD","cf2d4921-3245-4ba6-b32f-66412eb346f6","9985bf59-3874-42a1-9724-54dc59246b09","rc189",""
"3f22b078-5ebd-45fe-8efe-84038c5f7fd1","LL22AH7SWE0800196","","d71d5024-9949-4c4a-9571-ffd78f0583d3","SOLD","f1658173-403e-4033-851f-7497f6e95344","9985bf59-3874-42a1-9724-54dc59246b09","rc189",""
"424f8004-d78d-4cbe-9525-af745c05ba6e","KALE22A26PR800069","","d71d5024-9949-4c4a-9571-ffd78f0583d3","SOLD","754df0ee-8942-4eb5-823d-f387680239fe","9985bf59-3874-42a1-9724-54dc59246b09","rc189",""
"42c84596-f05c-4973-872d-c25781886a97","KALE22A26PR800074","","d71d5024-9949-4c4a-9571-ffd78f0583d3","SOLD","11f26cc7-6477-4fb9-9f35-2c57091896bc","9985bf59-3874-42a1-9724-54dc59246b09","rc189",""
"451dd5f6-34a8-4185-92cb-d380b2dda9f2","KALE22A26PR800010","","d71d5024-9949-4c4a-9571-ffd78f0583d3","SOLD","04353e68-09ca-4ac1-a816-891fd3497666","9985bf59-3874-42a1-9724-54dc59246b09","rc189",""
"4564f828-b4a7-4508-a5ac-3ef9ad219343","KALE22A26PR800030","","d71d5024-9949-4c4a-9571-ffd78f0583d3","SOLD","8740d88c-141f-48c2-9a86-506f1a5b1cb2","28cb56c4-cbac-4a10-ba21-d9cce37dd77f","rc189",""
"4753b92c-da75-4dc8-aa80-20bde2b51d56","test002","","d71d5024-9949-4c4a-9571-ffd78f0583d3","DEALER_INSTOCK","","97809701-eac9-4aef-bc5c-73321e2ac3d4","rc189",""
"48163c2f-a6cd-4fdf-89fc-d3a45c9994af","LL22AH7SWE0800155","","d71d5024-9949-4c4a-9571-ffd78f0583d3","DEALER_INSTOCK","","5ef4d24a-d941-4f30-9328-651187d52da3","rc189",""
"48ff47d5-e3e0-4c73-92dc-15413614ac87","KALE22A26PR800090","","d71d5024-9949-4c4a-9571-ffd78f0583d3","SOLD","e4fb5387-cd2a-43b7-99b1-1601bdc732b7","9985bf59-3874-42a1-9724-54dc59246b09","rc189",""
"49f2e1f3-e707-4592-b803-b990dd302f2e","KALE22A26PR800077","","d71d5024-9949-4c4a-9571-ffd78f0583d3","SOLD","737365bf-4ae1-464b-acb1-b1727cfb2a80","28cb56c4-cbac-4a10-ba21-d9cce37dd77f","rc189",""
"4b72c1b5-66cf-43c3-91cd-3677287b38b3","KALE22A26PR800004","","d71d5024-9949-4c4a-9571-ffd78f0583d3","SOLD","9b79fc7c-110f-4ee6-a7fa-c47da75fabdb","66b376a4-e302-4826-803c-5dc30e49d0eb","rc189",""
"4bb5b59f-1f10-4eba-8ed2-8cc4c4d7d867","LL22AH7SWE0800181","","d71d5024-9949-4c4a-9571-ffd78f0583d3","DEALER_INSTOCK","","5ef4d24a-d941-4f30-9328-651187d52da3","rc189",""
"4c1cbdc2-3162-4d95-b6a4-c5b4488f23ae","test001","","d71d5024-9949-4c4a-9571-ffd78f0583d3","CUSTOMER_RESERVED","68f753bf-ace2-4cd3-bebe-dd2875ba6a7a","","rc189",""
"4c80ad41-ac91-4200-9110-2388bf82c128","LL22AH7SWE0800143","","d71d5024-9949-4c4a-9571-ffd78f0583d3","SOLD","f59d8a4f-b75e-4e75-8c7d-dbce255fa3e2","9985bf59-3874-42a1-9724-54dc59246b09","rc189",""
"4c84fa6e-e95b-4f05-9ada-4e1a83beafdd","LL22AH7SWE0800186","","d71d5024-9949-4c4a-9571-ffd78f0583d3","SOLD","5f898321-6c97-4eb0-b670-bbc7ea50d03c","f4e42db6-4a4e-4502-81a1-52b6fea0613f","rc189",""
"4e4fac7b-aa93-47c4-be3e-f367acec550e","KALE22A26PR800047","","d71d5024-9949-4c4a-9571-ffd78f0583d3","SOLD","8dc847aa-164d-47da-a11b-82ab5406021f","28cb56c4-cbac-4a10-ba21-d9cce37dd77f","rc189",""
"4f73df13-e10a-4d7d-890b-3b1398551068","LL22AH7SWE0800274","","d71d5024-9949-4c4a-9571-ffd78f0583d3","SOLD","6762846b-0038-427e-a036-ca8bfbb3d6f7","f4e42db6-4a4e-4502-81a1-52b6fea0613f","rc189",""
"4fa4ac9c-19e3-43d8-95c5-19857a2fabe0","KALE22A26PR800075","","d71d5024-9949-4c4a-9571-ffd78f0583d3","SOLD","787be99e-00bf-49c9-bffe-638c885e4571","01e69e5d-99c3-42f8-b5e0-065ec6fc8333","rc189",""
"4fa4ac9c-19e3-43d8-95c5-19857a2fabe0","KALE22A26PR800075","","d71d5024-9949-4c4a-9571-ffd78f0583d3","SOLD","787be99e-00bf-49c9-bffe-638c885e4571","01e69e5d-99c3-42f8-b5e0-065ec6fc8333","rc189",""
"5073eced-5f11-4ae7-bf4a-aa40c48f925e","LL22AH7SWE0800277","","d71d5024-9949-4c4a-9571-ffd78f0583d3","SOLD","9f4a87c7-d2f1-4915-b2af-aecb2a871a22","28cb56c4-cbac-4a10-ba21-d9cce37dd77f","rc189",""
"51c19b98-a82f-423e-9802-c9fe039828ca","LL22AH7SWE0800175","","d71d5024-9949-4c4a-9571-ffd78f0583d3","DEALER_INSTOCK","","1bf22597-0268-4141-98bc-6e972cd9dad7","rc189",""
"52876a40-e8ff-4a77-9144-1bf67345244c","KALE22A26PR800001","","d71d5024-9949-4c4a-9571-ffd78f0583d3","SOLD","bcd0b61d-9a0d-487d-a219-98bf1bc0ade9","5ef4d24a-d941-4f30-9328-651187d52da3","rc189",""
"53d5c8f8-c3ee-4646-8bc2-55ed0afaac8d","KALE22A26PR800005","","d71d5024-9949-4c4a-9571-ffd78f0583d3","SOLD","f4e22656-85b6-4e50-8807-730716350000","28cb56c4-cbac-4a10-ba21-d9cce37dd77f","rc189",""
"53e40d1a-07a5-4083-989a-c59ca185de19","LL22AH7SWE0800270","","d71d5024-9949-4c4a-9571-ffd78f0583d3","FACTORY_INSTOCK","","","rc189",""
"550ec0c5-63b0-4864-9db6-0ba383b5fdc5","KALE22A26PR800113","","d71d5024-9949-4c4a-9571-ffd78f0583d3","CUSTOMER_RESERVED","fe5b6c85-0545-41c2-a1da-092d66229655","","rc189",""
"55f4b5ec-b4c4-446f-8cad-cf5c0c683612","LL22AH7SWE0800220","","d71d5024-9949-4c4a-9571-ffd78f0583d3","CUSTOMER_RESERVED","03b100eb-460d-4273-b8bc-78cae0435a3e","","rc189",""
"58dadedc-9ff4-47f7-8470-e3d6b66603d4","KALE22A26PR800107","","d71d5024-9949-4c4a-9571-ffd78f0583d3","SOLD","845bbeb6-4b55-4859-ae80-21f243ea6405","821379e7-15b9-4aee-a5ba-88df2636d484","rc189",""
"58dadedc-9ff4-47f7-8470-e3d6b66603d4","KALE22A26PR800107","","d71d5024-9949-4c4a-9571-ffd78f0583d3","SOLD","845bbeb6-4b55-4859-ae80-21f243ea6405","821379e7-15b9-4aee-a5ba-88df2636d484","rc189",""
"59696dfe-e5aa-41ca-adf3-da3b85eb8395","LL22AH7SWE0800253","","d71d5024-9949-4c4a-9571-ffd78f0583d3","SOLD","bb5e398e-22f2-46eb-9710-76f8bbfef5fc","f25698a3-c6bd-410c-8dc2-edc7f9310a98","rc189",""
"5c716e89-e04f-4620-b1a3-0769c2727f26","KALE22A26PR800055","","d71d5024-9949-4c4a-9571-ffd78f0583d3","SOLD","1ef8cd5d-bcf0-430e-be2d-23d8cec58755","01e69e5d-99c3-42f8-b5e0-065ec6fc8333","rc189",""
"5c716e89-e04f-4620-b1a3-0769c2727f26","KALE22A26PR800055","","d71d5024-9949-4c4a-9571-ffd78f0583d3","SOLD","1ef8cd5d-bcf0-430e-be2d-23d8cec58755","01e69e5d-99c3-42f8-b5e0-065ec6fc8333","rc189",""
"5ca91228-f89c-43a7-be99-e50af97e5dee","KALE22A26PR800015","","d71d5024-9949-4c4a-9571-ffd78f0583d3","SOLD","f3a4e04d-4152-464a-8ca1-96441370dd92","5ef4d24a-d941-4f30-9328-651187d52da3","rc189",""
"5d852f80-03e1-4ef7-a0e0-80ec4964c88b","KALE22A26PR800068","","d71d5024-9949-4c4a-9571-ffd78f0583d3","SOLD","90c8532a-8ec5-4774-9b11-24ba46d6a283","5ef4d24a-d941-4f30-9328-651187d52da3","rc189",""
"5e501e65-1ca1-4c70-a0be-a86d2ca0545d","LL22AH7SWE0800183","","d71d5024-9949-4c4a-9571-ffd78f0583d3","SOLD","758335cc-d8cb-4098-a062-6f4179fb8be8","e3e4f0af-4e77-48c7-bee4-03012e02869a","rc189",""
"5e54ab5c-a021-4c08-971a-96116c0074f2","LL22AH7SWE0800240","","d71d5024-9949-4c4a-9571-ffd78f0583d3","SOLD","092c9c5d-e4f7-4fa7-99e3-0e7352435c3b","e3e4f0af-4e77-48c7-bee4-03012e02869a","rc189",""
"5e8eb344-d2ac-4a97-aeae-5739511d52b7","LL22AH7SWE0800160","","d71d5024-9949-4c4a-9571-ffd78f0583d3","SOLD","9ef97b19-21b4-46b4-bac8-3258ed785fc4","f25698a3-c6bd-410c-8dc2-edc7f9310a98","rc189",""
"5ebd5ede-2498-414c-a8c5-6a383f58bd9e","KALE22A26PR800137","","d71d5024-9949-4c4a-9571-ffd78f0583d3","SOLD","852d8d14-5850-40c0-81f7-74023e12bfbd","28cb56c4-cbac-4a10-ba21-d9cce37dd77f","rc189",""
"5ee1283b-1a26-444f-9684-412b43923d77","LL22AH7SWE0800237","","d71d5024-9949-4c4a-9571-ffd78f0583d3","SOLD","a4a9a27b-ad9b-4f7e-94fe-7afbcf1fdeb6","9985bf59-3874-42a1-9724-54dc59246b09","rc189",""
"5f4f2f8d-540e-4dc2-9331-480339e46719","KALE22A26PR800052","","d71d5024-9949-4c4a-9571-ffd78f0583d3","SOLD","95c321dd-f5b9-4fa0-8678-04751b9131e9","28cb56c4-cbac-4a10-ba21-d9cce37dd77f","rc189",""
"5ff36075-d729-4471-9371-60bd191d165b","LL22AH7SWE0800247","","d71d5024-9949-4c4a-9571-ffd78f0583d3","CUSTOMER_RESERVED","3e24d6cb-b9af-4629-802d-bdf556738fcf","","rc189",""
"606e22e0-8767-4eee-a793-5d35c1579355","KALE22A26PR800088","","d71d5024-9949-4c4a-9571-ffd78f0583d3","CUSTOMER_RESERVED","f5fd07e5-cf4a-4b68-b622-e8a19116a63b","","rc189",""
"60b6b58a-f63a-4c02-bdb0-58dbf52d1264","KASSL2ME11NM800140","","d71d5024-9949-4c4a-9571-ffd78f0583d3","CUSTOMER_RESERVED","05c5a0b8-9ae2-4e01-aa8e-2caafd0051d5","","rc189",""
"63f308d5-26fa-4ea2-8b1d-2e802f8db330","LL22AH7SWE0800251","","d71d5024-9949-4c4a-9571-ffd78f0583d3","CUSTOMER_RESERVED","ac4cfea5-6831-4229-a4f2-cac9daddd823","","rc189",""
"667e6564-cb18-4857-b149-b201b1f05602","LL22AH7SWE0800157","","d71d5024-9949-4c4a-9571-ffd78f0583d3","SOLD","d718423e-03d7-4c16-b1d6-26f5d75bb465","f4e42db6-4a4e-4502-81a1-52b6fea0613f","rc189",""
"66833801-76b6-45f1-97b4-765a267f7a10","LL22AH7SWE0800180","","d71d5024-9949-4c4a-9571-ffd78f0583d3","SOLD","6e812f70-a4a1-4f25-a2ba-ecba35c85c2b","e3e4f0af-4e77-48c7-bee4-03012e02869a","rc189",""
"687628c9-4a3c-486d-9e9d-b2278d7efcf5","LL22AH7SWE0800248","","d71d5024-9949-4c4a-9571-ffd78f0583d3","SOLD","2b3fb2cb-ccd9-49ee-b8c3-903f15749d74","28cb56c4-cbac-4a10-ba21-d9cce37dd77f","rc189",""
"68add7af-28ce-4466-9236-13f1b5a2ce5c","LL22AH7SWE0800223","","d71d5024-9949-4c4a-9571-ffd78f0583d3","CUSTOMER_RESERVED","13081379-65e6-450e-8a93-c31120e5cbb6","","rc189",""
"695e1d2a-8549-4d03-9feb-c1cfe4e43dc2","KALE22A26PR800028","","d71d5024-9949-4c4a-9571-ffd78f0583d3","SOLD","e619c7c2-b542-4062-9f22-3674e16aac07","9985bf59-3874-42a1-9724-54dc59246b09","rc189",""
"696d74fb-da44-4cbb-baf7-ff7e784f84ac","KALE22A26PR800083","","d71d5024-9949-4c4a-9571-ffd78f0583d3","SOLD","6d812f37-fed4-4b67-8cc2-f395c3872ff7","66b376a4-e302-4826-803c-5dc30e49d0eb","rc189",""
"6b0bd3fd-76bd-4526-b468-42b1050b285c","KALE22A26PR800093","","d71d5024-9949-4c4a-9571-ffd78f0583d3","SOLD","28d9fa59-0857-4a49-bdfe-82be9e07c490","821379e7-15b9-4aee-a5ba-88df2636d484","rc189",""
"6ba6a68e-b62d-4528-a8f4-aa1f2b571db2","KALE22A26PR800031","","d71d5024-9949-4c4a-9571-ffd78f0583d3","SOLD","bd8ff9b4-7ae5-4b52-a970-6f3ad0703d4c","da2aaed2-38e9-4b4a-bdd3-4350a860fda3","rc189",""
"6bc7a0af-71ec-4119-afda-a491b4065aba","LL22AH7SWE0800184","","d71d5024-9949-4c4a-9571-ffd78f0583d3","SOLD","13dd2ef0-fff9-4d08-a4ce-e6a7cc3835b8","f4e42db6-4a4e-4502-81a1-52b6fea0613f","rc189",""
"6be7258b-b805-4327-be1a-ef1a992f3ccb","KALE22A26PR800060","","d71d5024-9949-4c4a-9571-ffd78f0583d3","SOLD","160c0326-2d3f-42a3-a2a4-51e8317c0073","9985bf59-3874-42a1-9724-54dc59246b09","rc189",""
"6c3cb746-a79a-442f-806a-16ca65fd532f","LL22AH7SWE0800267","","d71d5024-9949-4c4a-9571-ffd78f0583d3","SOLD","a624450f-7203-41f3-9b01-f11a9830a0b5","821379e7-15b9-4aee-a5ba-88df2636d484","rc189",""
"6cfcba45-9f74-4885-ae43-c6d2858e3dcb","LL22AH7SWE0800191","","d71d5024-9949-4c4a-9571-ffd78f0583d3","SOLD","6357ab30-43fa-4b72-a58e-4469224094d5","28cb56c4-cbac-4a10-ba21-d9cce37dd77f","rc189",""
"6d6f1ef4-1b33-4de4-b350-56e3a9b1d0cd","KALE22A26PR800058","","d71d5024-9949-4c4a-9571-ffd78f0583d3","SOLD","6c76f68f-2dc0-41e6-b1fd-7b9bb9f219af","f4e42db6-4a4e-4502-81a1-52b6fea0613f","rc189",""
"6d6f1ef4-1b33-4de4-b350-56e3a9b1d0cd","KALE22A26PR800058","","d71d5024-9949-4c4a-9571-ffd78f0583d3","SOLD","6c76f68f-2dc0-41e6-b1fd-7b9bb9f219af","f4e42db6-4a4e-4502-81a1-52b6fea0613f","rc189",""
"6d7f0cda-1335-4184-b94e-edf6b5b7f284","KASSL2ME11NM800119","","d71d5024-9949-4c4a-9571-ffd78f0583d3","SOLD","21e1a2ec-be2d-4365-85b6-81ee60572a05","28cb56c4-cbac-4a10-ba21-d9cce37dd77f","rc189",""
"6dba4b09-41ba-4825-8d07-98d5a24e24e0","LL22AH7SWE0800241","","d71d5024-9949-4c4a-9571-ffd78f0583d3","SOLD","c28b6f24-edca-4102-a25b-9bfae4f27b6d","5ef4d24a-d941-4f30-9328-651187d52da3","rc189",""
"6f7f1d15-993b-458e-a1d5-5e7b3e1b7067","LL22AH7SWE0800142","","d71d5024-9949-4c4a-9571-ffd78f0583d3","SOLD","8784df6c-36ce-44a8-9fb6-18e11b9f7b33","f25698a3-c6bd-410c-8dc2-edc7f9310a98","rc189",""
"70ec5958-0476-4515-a1d0-4e73de58ad85","LL22AH7SWE0800192","","d71d5024-9949-4c4a-9571-ffd78f0583d3","SOLD","6d960e4f-b93b-4685-9ed8-bc5eb8443931","821379e7-15b9-4aee-a5ba-88df2636d484","rc189",""
"711c4b55-c293-48f8-8806-145b4d7e023d","LL22AH7SWE0800263","","d71d5024-9949-4c4a-9571-ffd78f0583d3","CUSTOMER_RESERVED","b585d79a-5131-4712-86a9-74c2b96fb306","","rc189",""
"7133bb17-8c28-4402-84b2-50d4bcc36d93","KALE22A26PR800112","","d71d5024-9949-4c4a-9571-ffd78f0583d3","SOLD","aa054cb1-1cc2-401b-ae93-a662b15051cf","28cb56c4-cbac-4a10-ba21-d9cce37dd77f","rc189",""
"72ef5fb5-1a78-46a8-96b5-cfaebeb28285","LL22AH7SWE0800149","","d71d5024-9949-4c4a-9571-ffd78f0583d3","SOLD","5818d184-e9d8-447f-b1d0-63c157a22432","821379e7-15b9-4aee-a5ba-88df2636d484","rc189",""
"7437b602-3a0b-4726-bcf3-b16ec56fb60a","LL22AH7SWE0800236","","d71d5024-9949-4c4a-9571-ffd78f0583d3","SOLD","fb24e892-84ee-4f34-8621-4957fbdf5ef5","f25698a3-c6bd-410c-8dc2-edc7f9310a98","rc189",""
"748c9224-db85-4719-9533-bc707feea7be","KALE22A26PR800125","","d71d5024-9949-4c4a-9571-ffd78f0583d3","SOLD","85eac7c4-e42f-491e-88b9-e7965772c7f1","28cb56c4-cbac-4a10-ba21-d9cce37dd77f","rc189",""
"74ad5871-e346-477d-b053-46c98f9f2f8e","KALE22A26PR800087","","d71d5024-9949-4c4a-9571-ffd78f0583d3","SOLD","914b2a40-5800-4e7a-9d41-e99718c57a73","943eef4b-31a2-4c01-99cc-c93708943c99","rc189",""
"74e75473-cc16-400a-af02-5246c44de632","KALE22A26PR800056","","d71d5024-9949-4c4a-9571-ffd78f0583d3","SOLD","79218cdc-5476-4de8-9d9c-94e0e5005358","28cb56c4-cbac-4a10-ba21-d9cce37dd77f","rc189",""
"76f2ef51-9309-43ef-9718-db04214b0c44","LL22AH7SWE0800165","","d71d5024-9949-4c4a-9571-ffd78f0583d3","SOLD","ea447ebe-b3bc-43a6-85fb-7fd2ab807139","28cb56c4-cbac-4a10-ba21-d9cce37dd77f","rc189",""
"79449041-b070-4e00-acd0-9eb17d052190","KALE22A26PR800131","","d71d5024-9949-4c4a-9571-ffd78f0583d3","CUSTOMER_RESERVED","14e68555-3f1f-4735-ab21-107b4c91c3ce","","rc189",""
"7970e1d9-f00d-4702-8971-e813af87f619","KALE22A26PR800063","","d71d5024-9949-4c4a-9571-ffd78f0583d3","SOLD","0aa78975-c71d-4e50-b6cf-09c4176fc6ff","66b376a4-e302-4826-803c-5dc30e49d0eb","rc189",""
"7a465ce1-1fd7-429d-9f7c-d2ff2da3a9d1","LL22AH7SWE0800153","","d71d5024-9949-4c4a-9571-ffd78f0583d3","DEALER_INSTOCK","","e3e4f0af-4e77-48c7-bee4-03012e02869a","rc189",""
"7bbf7cc4-7610-4582-8b37-e7bbdb61c44c","LL22AH7SWE0800250","","d71d5024-9949-4c4a-9571-ffd78f0583d3","CUSTOMER_RESERVED","cea886ff-cded-4bae-a0cf-6716d9bcee09","","rc189",""
"7c27555e-b692-40e4-9fdf-0cbe929b4cc2","KASSL2ME11NM800118","","d71d5024-9949-4c4a-9571-ffd78f0583d3","SOLD","25ba3297-a774-4ea0-bca3-ae7b96917858","01e69e5d-99c3-42f8-b5e0-065ec6fc8333","rc189",""
"7c3fd590-683c-4f32-81cd-9d64d99919f5","LL22AH7SWE0800188","","7e655ec5-ad99-4f16-89de-d62ba937f92f","DEALER_INSTOCK","","65a90d25-f1f0-4964-9a74-9abcdc900b43","rc189",""
"7c9bdc80-dd4a-4a28-ad41-8e5822a77c2b","LL22AH7SWE0800246","","7e655ec5-ad99-4f16-89de-d62ba937f92f","SOLD","d7299046-6e20-410c-aa69-39e5f3085bce","28cb56c4-cbac-4a10-ba21-d9cce37dd77f","rc189",""
"7dffc226-db2c-4f10-88d1-30b1ca7a9a88","KALE22A26PR800065","","d71d5024-9949-4c4a-9571-ffd78f0583d3","SOLD","c0325a06-9afc-4c55-8e4d-c3f968538e54","f4e42db6-4a4e-4502-81a1-52b6fea0613f","rc189",""
"7e3e3d08-0e75-4986-8401-d9af857a2fd5","LL22AH7SWE0800206","","d71d5024-9949-4c4a-9571-ffd78f0583d3","SOLD","21b7f4c8-6e12-4c56-8bb2-bc87d165d2c2","1bf22597-0268-4141-98bc-6e972cd9dad7","rc189",""
"7e501b4a-ca20-4cd8-8b68-c6f862fde4d3","LL22AH7SWE0800179","","d71d5024-9949-4c4a-9571-ffd78f0583d3","SOLD","5b87af63-a56c-4a79-b8f9-6605b938f2e2","28cb56c4-cbac-4a10-ba21-d9cce37dd77f","rc189",""
"7f4521f8-d5f9-4bd0-837a-392bf9e036e7","KALE22A26PR800126","","d71d5024-9949-4c4a-9571-ffd78f0583d3","SOLD","568aa918-cb4a-4e43-80b8-57048367dfba","28cb56c4-cbac-4a10-ba21-d9cce37dd77f","rc189",""
"7f89864c-9694-4081-b33c-715e8b4b5bb2","LL22AH7SWE0800264","","7e655ec5-ad99-4f16-89de-d62ba937f92f","SOLD","79cbae4c-2f2e-4263-adbb-fa18faf0ce96","28cb56c4-cbac-4a10-ba21-d9cce37dd77f","rc189",""
"800ee88d-757d-4e58-b471-c00604f4ed02","CTEST003","","d71d5024-9949-4c4a-9571-ffd78f0583d3","SOLD","3b6c991b-c745-41e7-b476-cc262b138846","97809701-eac9-4aef-bc5c-73321e2ac3d4","rc189",""
"807d2fef-685a-49c0-8004-1e2028b8df95","LL22AH7SWE0800276","","d71d5024-9949-4c4a-9571-ffd78f0583d3","SOLD","cbd158eb-b120-4beb-9734-cfc0473e480f","9985bf59-3874-42a1-9724-54dc59246b09","rc189",""
"830f6c6f-10d6-4146-86cd-dbc07a3243ad","LL22AH7SWE0800204","","d71d5024-9949-4c4a-9571-ffd78f0583d3","DEALER_INSTOCK","","1bf22597-0268-4141-98bc-6e972cd9dad7","rc189",""
"841f014e-2ab2-402c-81a1-343762cbaff4","LL22AH7SWE0800238","","d71d5024-9949-4c4a-9571-ffd78f0583d3","SOLD","9ecf644e-7694-485d-88d0-0add46bcdc4c","e3e4f0af-4e77-48c7-bee4-03012e02869a","rc189",""
"84764cd5-7fc0-48e8-b8c9-26a6458ece42","KALE22A26PR800008","","d71d5024-9949-4c4a-9571-ffd78f0583d3","SOLD","4a1eea16-486a-4039-a665-3a395920d824","fac240d3-71f1-478d-bfbe-0b17222539f8","rc189",""
"8544973b-db9e-4b29-89d0-db1a9d1a1013","KALE22A26PR800105","","d71d5024-9949-4c4a-9571-ffd78f0583d3","SOLD","f7618512-d85f-4859-90a0-3b3c9e5911c8","f4e42db6-4a4e-4502-81a1-52b6fea0613f","rc189",""
"869a953e-e3d2-4519-9da0-e3ad68167f20","LL22AH7SWE0800224","","d71d5024-9949-4c4a-9571-ffd78f0583d3","SOLD","87410940-978a-4f91-ade1-1c9bef875b86","e3e4f0af-4e77-48c7-bee4-03012e02869a","rc189",""
"86ceef04-7ca2-455b-ae73-7fb78ca603dc","KALE22A26PR800076","","d71d5024-9949-4c4a-9571-ffd78f0583d3","SOLD","4970b977-cf67-4efa-a99a-d30eaeaa794a","943eef4b-31a2-4c01-99cc-c93708943c99","rc189",""
"86f17ed8-fa84-4ee1-b431-0cef20dfcbc0","LL22AH7SWE0800210","","d71d5024-9949-4c4a-9571-ffd78f0583d3","SOLD","6d74c681-f35a-4a38-afef-62960559a960","9985bf59-3874-42a1-9724-54dc59246b09","rc189",""
"87f1cc97-a8ce-4c37-83df-792b806f1a6b","test25","","d71d5024-9949-4c4a-9571-ffd78f0583d3","DEALER_INSTOCK","","97809701-eac9-4aef-bc5c-73321e2ac3d4","rc189",""
"884e8376-dc53-44ac-8569-5712706efba1","KALE22A26PR800129","","d71d5024-9949-4c4a-9571-ffd78f0583d3","CUSTOMER_RESERVED","ce2e0f07-1572-42cd-bf48-a2fdc275107b","","rc189",""
"890ea86d-31ea-4b79-8192-4ae6c720031f","LL22AH7SWE0800171","","d71d5024-9949-4c4a-9571-ffd78f0583d3","SOLD","438b786d-7eb5-450b-b31c-f02934c1e36b","9985bf59-3874-42a1-9724-54dc59246b09","rc189",""
"8a03bdb0-d0fc-42ee-bdd3-76a437590d6b","KALE22A26PR800032","","d71d5024-9949-4c4a-9571-ffd78f0583d3","SOLD","21ee3b54-ce43-449b-be3b-01c50cd8d92b","f4e42db6-4a4e-4502-81a1-52b6fea0613f","rc189",""
"8b0ec23f-fd6d-46d4-9acb-17637467be43","LL22AH7SWE0800152","","d71d5024-9949-4c4a-9571-ffd78f0583d3","SOLD","c161ca11-8b58-4a93-b5a8-c9f79c626715","9985bf59-3874-42a1-9724-54dc59246b09","rc189",""
"8bb37aed-de78-4f91-82fe-ba63bb7e9bce","KALE22A26PR800006","","d71d5024-9949-4c4a-9571-ffd78f0583d3","SOLD","72388118-2dfb-4be0-bd77-77c14a9d758f","fac240d3-71f1-478d-bfbe-0b17222539f8","rc189",""
"8d03543b-7965-4a8e-8180-3a861c1545fa","LL22AH7SWE0800198","","d71d5024-9949-4c4a-9571-ffd78f0583d3","DEALER_INSTOCK","","28cb56c4-cbac-4a10-ba21-d9cce37dd77f","rc189",""
"8d45c228-e412-4bb4-b3f0-8a25d69525d4","LL22AH7SWE0800275","","d71d5024-9949-4c4a-9571-ffd78f0583d3","SOLD","2c9a7856-6d22-4b80-9c13-cb078e9931f6","28cb56c4-cbac-4a10-ba21-d9cce37dd77f","rc189",""
"8d9a00b3-9db8-4efc-91ff-a1bd4cd1b8c6","LL22AH7SWE0800265","","d71d5024-9949-4c4a-9571-ffd78f0583d3","SOLD","052476cf-105c-4df8-94fd-186789a95ecf","1bf22597-0268-4141-98bc-6e972cd9dad7","rc189",""
"8e10d6ec-8875-4952-86b6-a8b0146114b3","LL22AH7SWE0800177","","d71d5024-9949-4c4a-9571-ffd78f0583d3","FACTORY_INSTOCK","","","rc189",""
"8f9f2cba-9750-47a8-beb4-be4238516d55","KALE22A26PR800121","","d71d5024-9949-4c4a-9571-ffd78f0583d3","SOLD","4da2c1c7-1965-40be-8135-deb33e13171d","28cb56c4-cbac-4a10-ba21-d9cce37dd77f","rc189",""
"8fd3673d-5d68-4b4d-83b6-e007ef79261a","KALE22A26PR800095","","d71d5024-9949-4c4a-9571-ffd78f0583d3","SOLD","72f47ac0-29ff-4fd2-be7a-cf406078daa6","9985bf59-3874-42a1-9724-54dc59246b09","rc189",""
"9002b80d-d674-441d-af0d-e5acbe8d846e","KALE22A26PR800029","","d71d5024-9949-4c4a-9571-ffd78f0583d3","SOLD","1a20fea5-b489-4961-bf52-6957d6ca8ed7","da2aaed2-38e9-4b4a-bdd3-4350a860fda3","rc189",""
"926477b7-10fa-4676-905b-1752485ee417","LL22AH7SWE0800269","","d71d5024-9949-4c4a-9571-ffd78f0583d3","SOLD","96522447-b941-4eb4-b36f-c7c0f286f440","5d152fb7-bc70-4f56-8dab-59b0a621e619","rc189",""
"927aaa89-bd3c-44db-a3be-e733ad44dcd1","LL22AH7SWE0800161","","d71d5024-9949-4c4a-9571-ffd78f0583d3","SOLD","9cbb8648-9f7f-4b8b-8d4a-64c96dc8c3ea","9985bf59-3874-42a1-9724-54dc59246b09","rc189",""
"948dd35e-8cd8-4c37-9269-34da95fd0b81","KALE22A26PR800043","","d71d5024-9949-4c4a-9571-ffd78f0583d3","SOLD","f3ab2255-052a-49f5-aa1e-c00590a3f037","821379e7-15b9-4aee-a5ba-88df2636d484","rc189",""
"95f38c04-f7d4-4339-a779-fd24fc2028ee","KASSL2ME11NM800116","","d71d5024-9949-4c4a-9571-ffd78f0583d3","SOLD","7fb7cbcf-1d82-4e8a-89ee-48d936f39349","01e69e5d-99c3-42f8-b5e0-065ec6fc8333","rc189",""
"96989ccc-d69c-4afa-b2c5-478169b10c1e","LL22AH7SWE0800255","","d71d5024-9949-4c4a-9571-ffd78f0583d3","SOLD","a3455684-adde-4587-b427-c571685fc43c","821379e7-15b9-4aee-a5ba-88df2636d484","rc189",""
"97058389-e6a4-42be-96b3-055feefbe8a6","LL22AH7SWE0800209","","d71d5024-9949-4c4a-9571-ffd78f0583d3","DEALER_INSTOCK","","65a90d25-f1f0-4964-9a74-9abcdc900b43","rc189",""
"9758bfc6-19c4-4f0b-b235-72417392a2a1","LL22AH7SWE0800199","","7e655ec5-ad99-4f16-89de-d62ba937f92f","SOLD","790c1a2a-2d8b-473e-8afa-43f9265cb15a","9985bf59-3874-42a1-9724-54dc59246b09","rc189",""
"98ade97a-4cca-41e4-b7f4-d7b33abe23da","LL22AH7SWE0800227","","d71d5024-9949-4c4a-9571-ffd78f0583d3","SOLD","06d1171b-0dd4-4152-ab25-bf3e11deca39","28cb56c4-cbac-4a10-ba21-d9cce37dd77f","rc189",""
"9917783b-9ced-4bd2-9a43-53a70befe1b8","LL22AH7SWE0800242","","d71d5024-9949-4c4a-9571-ffd78f0583d3","SOLD","f0ccdf1c-f2cb-4706-932a-0e2400f6d241","821379e7-15b9-4aee-a5ba-88df2636d484","rc189",""
"9ab6971f-eb24-403a-9e97-cd95644ea726","KALE22A26PR800124","","d71d5024-9949-4c4a-9571-ffd78f0583d3","CUSTOMER_RESERVED","99c3b197-8f9d-4d27-805d-420b910aa127","","rc189",""
"9ae5787c-0aaf-41a6-9300-86f9fc065c45","LL22AH7SWE0800235","","d71d5024-9949-4c4a-9571-ffd78f0583d3","SOLD","17d1191c-7dfe-4991-a0ae-1623d9c63375","f25698a3-c6bd-410c-8dc2-edc7f9310a98","rc189",""
"9ba36b65-1f95-42f9-9408-be2143688084","KALE22A26PR800103","","d71d5024-9949-4c4a-9571-ffd78f0583d3","SOLD","05361d03-f39b-4941-a4df-178db5360381","f4e42db6-4a4e-4502-81a1-52b6fea0613f","rc189",""
"9bf7d034-81c5-4cc0-a560-b2fbe4fcbe51","LL22AH7SWE0800187","","d71d5024-9949-4c4a-9571-ffd78f0583d3","DEALER_INSTOCK","","821379e7-15b9-4aee-a5ba-88df2636d484","rc189",""
"9d41442b-418f-4320-b9f2-a427f8ff037d","LL22AH7SWE0800173","","7e655ec5-ad99-4f16-89de-d62ba937f92f","FACTORY_INSTOCK","","","rc189",""
"9e8e3723-a52f-47c2-a7d4-2b2ac7651c28","KALE22A26PR800081","","d71d5024-9949-4c4a-9571-ffd78f0583d3","SOLD","13ae835f-7e99-4706-9106-5e811189bfc4","01e69e5d-99c3-42f8-b5e0-065ec6fc8333","rc189",""
"a1242dca-7783-4bc9-a7d7-1b203da009f9","KALE22A26PR800025","","d71d5024-9949-4c4a-9571-ffd78f0583d3","SOLD","3937912d-b832-4278-9328-b6329239ba62","5ef4d24a-d941-4f30-9328-651187d52da3","rc189",""
"a29cd927-1dc2-4de1-a7de-0cc52e7899d9","LL22AH7SWE0800145","","d71d5024-9949-4c4a-9571-ffd78f0583d3","SOLD","f1534dcd-c638-4243-bffc-712775a39bfd","821379e7-15b9-4aee-a5ba-88df2636d484","rc189",""
"a3548494-7c4a-4084-afbb-119265588b8d","KALE22A26PR800078","","d71d5024-9949-4c4a-9571-ffd78f0583d3","SOLD","61a893d8-dc77-450f-8bf0-988d37fa3622","9985bf59-3874-42a1-9724-54dc59246b09","rc189",""
"a7a7409e-231e-4e1d-b5c9-99d439ce6fb2","KALE22A26PR800019","","d71d5024-9949-4c4a-9571-ffd78f0583d3","SOLD","d01c1928-9d3a-4ffb-b320-53c27aa9e826","821379e7-15b9-4aee-a5ba-88df2636d484","rc189",""
"a81565dd-c57d-4a27-adff-f641c92b4131","KALE22A26PR800016","","d71d5024-9949-4c4a-9571-ffd78f0583d3","SOLD","e443ada9-6a6a-437b-9959-972415ac602f","fac240d3-71f1-478d-bfbe-0b17222539f8","rc189",""
"a8795a34-ca4d-451d-9efb-f4ec039cbf19","KALE22A26PR800041","","d71d5024-9949-4c4a-9571-ffd78f0583d3","SOLD","e393dc91-3c09-471b-9e39-e3e5751fd737","28cb56c4-cbac-4a10-ba21-d9cce37dd77f","rc189",""
"a8d89871-d990-4f6b-813b-6058cec3a293","KALE22A26PR800050","","d71d5024-9949-4c4a-9571-ffd78f0583d3","SOLD","12840488-3c15-4e2d-bfa3-cf4c45338e4d","f4e42db6-4a4e-4502-81a1-52b6fea0613f","rc189",""
"a9ff076e-7e7a-4159-9fc4-70206f8ee536","CTEST002","","d71d5024-9949-4c4a-9571-ffd78f0583d3","DEALER_INSTOCK","","97809701-eac9-4aef-bc5c-73321e2ac3d4","rc189",""
"aacc4a15-0322-4d91-9339-840d8dfdb043","KALE22A26PR800127","","d71d5024-9949-4c4a-9571-ffd78f0583d3","SOLD","0649a42d-ee04-45b1-9ec0-2311113ebbb6","28cb56c4-cbac-4a10-ba21-d9cce37dd77f","rc189",""
"abb6205d-92ba-488b-b8dd-3e554239f116","KALE22A26PR800084","","d71d5024-9949-4c4a-9571-ffd78f0583d3","SOLD","994ab8f1-13d0-4d2c-a67f-3c1fe17839f9","943eef4b-31a2-4c01-99cc-c93708943c99","rc189",""
"abd2d930-1410-4d0e-8671-0c096f59f94b","LL22AH7SWE0800221","","d71d5024-9949-4c4a-9571-ffd78f0583d3","SOLD","73c97116-626d-4e51-8fba-e143419924ae","28cb56c4-cbac-4a10-ba21-d9cce37dd77f","rc189",""
"acdd135a-88e0-4cec-ac86-1224dedc7635","LL22AH7SWE0800279","","d71d5024-9949-4c4a-9571-ffd78f0583d3","SOLD","7eb56837-5d2b-464a-87ee-f21da0f4b889","f4e42db6-4a4e-4502-81a1-52b6fea0613f","rc189",""
"adfc13d1-5609-4bd1-8c1d-9a0a451defcd","LL22AH7SWE0800229","","d71d5024-9949-4c4a-9571-ffd78f0583d3","SOLD","2c203e0d-9e25-4af5-92da-9235135657b9","9985bf59-3874-42a1-9724-54dc59246b09","rc189",""
"ae20405f-6a8b-468f-8f5c-b107155453b5","KALE22A26PR800108","","d71d5024-9949-4c4a-9571-ffd78f0583d3","SOLD","8b1847fe-8358-463c-95f1-4212c292a1ce","28cb56c4-cbac-4a10-ba21-d9cce37dd77f","rc189",""
"af5acd57-7c2b-4123-8454-98f7b21ed53e","KALE22A26PR800022","","d71d5024-9949-4c4a-9571-ffd78f0583d3","SOLD","7ebcb055-ae00-4d49-bf4b-7c56d5648ad8","28cb56c4-cbac-4a10-ba21-d9cce37dd77f","rc189",""
"af63c2aa-a127-43e6-b745-a2802738aa53","KALE22A26PR800042","","d71d5024-9949-4c4a-9571-ffd78f0583d3","SOLD","97de73e6-b9f6-480b-8ec6-5f2506b7c86f","9985bf59-3874-42a1-9724-54dc59246b09","rc189",""
"afa4f1ed-efd9-476a-87b2-e6fd746aaf19","KALE22A26PR800072","","d71d5024-9949-4c4a-9571-ffd78f0583d3","SOLD","86c9d61b-c317-4f35-8911-7dd384e90206","821379e7-15b9-4aee-a5ba-88df2636d484","rc189",""
"b0202491-c5ae-4d29-9781-04d066e38fc4","LL22AH7SWE0800189","","d71d5024-9949-4c4a-9571-ffd78f0583d3","SOLD","52f12d08-9348-40cd-ae94-b0a28388f2f2","e3e4f0af-4e77-48c7-bee4-03012e02869a","rc189",""
"b1f347e0-22e2-41ca-97c7-a920978d507a","LL22AH7SWE0800215","","d71d5024-9949-4c4a-9571-ffd78f0583d3","SOLD","051bb89e-15bc-425a-84c8-e8ebfe6c0998","28cb56c4-cbac-4a10-ba21-d9cce37dd77f","rc189",""
"b274315c-b223-4d99-ac78-8093f251644d","KALE22A26PR800098","","d71d5024-9949-4c4a-9571-ffd78f0583d3","SOLD","32b9f37d-540c-42bf-b0c5-011c5626caf1","28cb56c4-cbac-4a10-ba21-d9cce37dd77f","rc189",""
"b32a2a3a-2508-494f-a613-915698dd980e","LL22AH7SWE0800244","","d71d5024-9949-4c4a-9571-ffd78f0583d3","SOLD","577faa37-a431-4d36-88e5-9659603f15cd","28cb56c4-cbac-4a10-ba21-d9cce37dd77f","rc189",""
"b3d86ce7-fd5f-4d96-baab-347078170acb","LL22AH7SWE0800166","","d71d5024-9949-4c4a-9571-ffd78f0583d3","SOLD","7b88d98e-3974-4cc1-a88a-57f8ecdfb80a","28cb56c4-cbac-4a10-ba21-d9cce37dd77f","rc189",""
"b3fb3530-e81c-4c05-bfbc-e8e74f017327","KALE22A26PR800054","","d71d5024-9949-4c4a-9571-ffd78f0583d3","SOLD","4792c001-60f5-4842-82d2-b9bae8c1f3bf","9985bf59-3874-42a1-9724-54dc59246b09","rc189",""
"b4afdf8c-8334-444f-ac0b-fce22755cea0","KALE22A26PR800106","","d71d5024-9949-4c4a-9571-ffd78f0583d3","SOLD","dc33b7b8-2522-49d0-ae7f-7c42971b1c7e","821379e7-15b9-4aee-a5ba-88df2636d484","rc189",""
"b51340df-6877-42cb-afa0-7554f5282ad5","LL22AH7SWE0800213","","d71d5024-9949-4c4a-9571-ffd78f0583d3","DEALER_INSTOCK","","65a90d25-f1f0-4964-9a74-9abcdc900b43","rc189",""
"b7101d2d-faef-41f3-9388-c59a012918d8","KALE22A26PR800122","","d71d5024-9949-4c4a-9571-ffd78f0583d3","SOLD","8f08fa46-47fd-4574-a51d-6a98ac55c347","28cb56c4-cbac-4a10-ba21-d9cce37dd77f","rc189",""
"ba661b0f-6c1c-4857-9874-a59daa5317cf","LL22AH7SWE0800278","","d71d5024-9949-4c4a-9571-ffd78f0583d3","SOLD","c705527a-aa2c-45af-894d-7d60cbe2b737","9985bf59-3874-42a1-9724-54dc59246b09","rc189",""
"bbe826ad-e700-49b0-b3f2-5bff6de0ef45","KALE22A26PR800132","","d71d5024-9949-4c4a-9571-ffd78f0583d3","CUSTOMER_RESERVED","3b0180a0-d44d-4a37-9f9f-eed2c128c068","","rc189",""
"bc9cd2e0-c8d5-4902-9625-12eded522530","KALE22A26PR800097","","d71d5024-9949-4c4a-9571-ffd78f0583d3","SOLD","429cc03c-59c4-4c9d-b198-f6589fd09ce0","821379e7-15b9-4aee-a5ba-88df2636d484","rc189",""
"bcbfa2c4-45de-4ace-a276-2c0099f7c767","LL22AH7SWE0800164","","d71d5024-9949-4c4a-9571-ffd78f0583d3","DEALER_INSTOCK","","5ef4d24a-d941-4f30-9328-651187d52da3","rc189",""
"bd28b52e-4e31-4ba8-bbe7-ea2421e56243","LL22AH7SWE0800163","","d71d5024-9949-4c4a-9571-ffd78f0583d3","SOLD","a8c39a6b-25c9-4790-8364-9f9128140205","e3e4f0af-4e77-48c7-bee4-03012e02869a","rc189",""
"bd9574bc-38d2-4bff-8ed1-f1ccc9a03c11","LL22AH7SWE0800262","","d71d5024-9949-4c4a-9571-ffd78f0583d3","SOLD","5f623d65-52b1-4dcb-bbe3-c3c17a54adb7","1bf22597-0268-4141-98bc-6e972cd9dad7","rc189",""
"bfb2b995-12ec-4ea3-aea3-ad204500650b","LL22AH7SWE0800273","","7e655ec5-ad99-4f16-89de-d62ba937f92f","SOLD","fe5cc8d9-2fed-4c2d-ac5e-16b0877f6b47","9985bf59-3874-42a1-9724-54dc59246b09","rc189",""
"bfd67bae-9efd-411a-bf46-287d51dd145b","LL22AH7SWE0800266","","d71d5024-9949-4c4a-9571-ffd78f0583d3","SOLD","7f4b27c7-45e1-4a26-88fb-77045d651167","5ef4d24a-d941-4f30-9328-651187d52da3","rc189",""
"c0756de6-59f7-4a09-aaea-55ba628dd659","KALE22A26PR800013","","d71d5024-9949-4c4a-9571-ffd78f0583d3","SOLD","d37f058b-7ab8-47a6-ba31-64e77c136a1d","9985bf59-3874-42a1-9724-54dc59246b09","rc189",""
"c1df71f8-048d-4a12-83e5-74bf0f6da145","LL22AH7SWE0800257","","d71d5024-9949-4c4a-9571-ffd78f0583d3","SOLD","5487bd61-93b8-453a-b605-abcef594ed79","5ef4d24a-d941-4f30-9328-651187d52da3","rc189",""
"c281ad8b-ce8c-460f-8341-beee680a0d30","KALE22A26PR800114","","d71d5024-9949-4c4a-9571-ffd78f0583d3","SOLD","8db4783e-6323-4410-8b9e-cf4520debefa","28cb56c4-cbac-4a10-ba21-d9cce37dd77f","rc189",""
"c2a3190d-43ed-45bc-bc1f-afd10a3d5b3b","LL22AH7SWE0800225","","d71d5024-9949-4c4a-9571-ffd78f0583d3","DEALER_INSTOCK","","65a90d25-f1f0-4964-9a74-9abcdc900b43","rc189",""
"c2b06460-9ac9-49a8-bfdc-970247206fc9","LL22AH7SWE0800214","","d71d5024-9949-4c4a-9571-ffd78f0583d3","SOLD","02c3d092-0828-456d-a1d5-ae0da2944c46","28cb56c4-cbac-4a10-ba21-d9cce37dd77f","rc189",""
"c3366009-a37d-4bb4-beac-3f8ae934853e","LL22AH7SWE0800256","","d71d5024-9949-4c4a-9571-ffd78f0583d3","SOLD","e7720e92-c2e0-442e-a8c6-2255d426757a","28cb56c4-cbac-4a10-ba21-d9cce37dd77f","rc189",""
"c3ac3fbc-ede2-471e-815c-b0fc586f6491","KALE22A26PR800094","","d71d5024-9949-4c4a-9571-ffd78f0583d3","SOLD","6df6d82b-206f-4a79-a502-33f4fac59801","9985bf59-3874-42a1-9724-54dc59246b09","rc189",""
"c5035ac0-47dc-49ca-90b8-8fde9e3ac563","LL22AH7SWE0800144","","d71d5024-9949-4c4a-9571-ffd78f0583d3","DEALER_INSTOCK","","f25698a3-c6bd-410c-8dc2-edc7f9310a98","rc189",""
"c51232ee-ebe4-4dc1-84ad-a73e06ad3b32","LL22AH7SWE0800174","","d71d5024-9949-4c4a-9571-ffd78f0583d3","DEALER_INSTOCK","","28cb56c4-cbac-4a10-ba21-d9cce37dd77f","rc189",""
"c5265e4b-c64a-402e-a1bb-af56bd001d10","LL22AH7SWE0800195","","d71d5024-9949-4c4a-9571-ffd78f0583d3","DEALER_INSTOCK","","5ef4d24a-d941-4f30-9328-651187d52da3","rc189",""
"c5fa888a-8c61-446b-9967-48cc8ef1c8f5","KALE22A26PR800002","","d71d5024-9949-4c4a-9571-ffd78f0583d3","SOLD","15176340-2a30-42e2-9d3d-6edffd7be91d","821379e7-15b9-4aee-a5ba-88df2636d484","rc189",""
"c5ff01b5-8f89-4a3d-9087-2157116f97e8","LL22AH7SWE0800170","","d71d5024-9949-4c4a-9571-ffd78f0583d3","DEALER_INSTOCK","","1bf22597-0268-4141-98bc-6e972cd9dad7","rc189",""
"c6abde79-91a4-4570-a061-615317bb7a6a","LL22AH7SWE0800232","","d71d5024-9949-4c4a-9571-ffd78f0583d3","SOLD","bab3e575-f440-476e-90b0-56c12784c1fc","28cb56c4-cbac-4a10-ba21-d9cce37dd77f","rc189",""
"c6ae4871-1a51-4d81-ae44-1e8466aed06e","KASSL2ME11NM800117","","d71d5024-9949-4c4a-9571-ffd78f0583d3","SOLD","8029d9b5-8525-4b8a-8b4d-0d061c7fb07a","28cb56c4-cbac-4a10-ba21-d9cce37dd77f","rc189",""
"c6e0fd7b-358d-4649-bcaf-2dc2b7f751bd","KALE22A26PR800021","","d71d5024-9949-4c4a-9571-ffd78f0583d3","SOLD","f18f9c08-1ddb-48b5-adc8-ecb35203be84","66b376a4-e302-4826-803c-5dc30e49d0eb","rc189",""
"c80881c6-954b-4d4c-b854-e197ab5a9ea8","KALE22A26PR800023","","d71d5024-9949-4c4a-9571-ffd78f0583d3","DEALER_INSTOCK","","66b376a4-e302-4826-803c-5dc30e49d0eb","rc189",""
"cb674c4e-b2cf-4c87-9062-77c615540a74","KALE22A26PR800009","","d71d5024-9949-4c4a-9571-ffd78f0583d3","SOLD","d1df1197-9842-4b10-8a69-2ec49346469e","9985bf59-3874-42a1-9724-54dc59246b09","rc189",""
"ce7934d5-598d-460c-9227-759d15b68870","KALE22A26PR800110","","d71d5024-9949-4c4a-9571-ffd78f0583d3","CUSTOMER_RESERVED","555f4183-33e9-4ef7-bdc9-4fdaf1345dba","","rc189",""
"ce9ffe55-171d-495e-bf53-85fad2dc3339","KALE22A26PR800080","","d71d5024-9949-4c4a-9571-ffd78f0583d3","SOLD","c0cb1287-1c6a-475c-b946-543c89d8023d","29bf7a4a-7ca1-4b6d-a659-d298d94e65ef","rc189",""
"cf059fa3-35a9-4f19-91b8-7b6e3b8207c8","KALE22A26PR800109","","d71d5024-9949-4c4a-9571-ffd78f0583d3","SOLD","8d65793c-c208-46af-8d2f-44b8b87001c4","01e69e5d-99c3-42f8-b5e0-065ec6fc8333","rc189",""
"d0661794-3526-4c6c-8cf2-820d294f2089","KALE22A26PR800034","","d71d5024-9949-4c4a-9571-ffd78f0583d3","SOLD","79cefa9e-c731-4298-905f-645b3ca07128","9985bf59-3874-42a1-9724-54dc59246b09","rc189",""
"d1afcc3a-0158-4aa8-b737-6793374402e7","LL22AH7SWE0800254","","d71d5024-9949-4c4a-9571-ffd78f0583d3","SOLD","3c8c5361-0f03-4294-852d-bc4bd22e9f4f","9985bf59-3874-42a1-9724-54dc59246b09","rc189",""
"d3c677fa-6629-4fc6-adcb-4ae7ce6816ce","LL22AH7SWE0800176","","7e655ec5-ad99-4f16-89de-d62ba937f92f","FACTORY_INSTOCK","","","rc189",""
"d49f0245-16f5-4a7a-94c8-e7f555d400a1","KALE22A26PR800079","","d71d5024-9949-4c4a-9571-ffd78f0583d3","SOLD","cb706b5e-ab55-42eb-9901-89387e6f7b39","f4e42db6-4a4e-4502-81a1-52b6fea0613f","rc189",""
"d4b428fd-e3aa-4174-a08c-2826b24240da","LL22AH7SWE0800193","","d71d5024-9949-4c4a-9571-ffd78f0583d3","SOLD","92426525-c8be-4f5b-b691-d27730bff1de","821379e7-15b9-4aee-a5ba-88df2636d484","rc189",""
"d53f2835-5bf6-4420-9390-9ee122b8a7e0","LL22AH7SWE0800167","","d71d5024-9949-4c4a-9571-ffd78f0583d3","DEALER_INSTOCK","","f25698a3-c6bd-410c-8dc2-edc7f9310a98","rc189",""
"d5c9f205-2f04-433e-82bf-ca579b7d00cb","KALE22A26PR800038","","d71d5024-9949-4c4a-9571-ffd78f0583d3","SOLD","0caa2826-3270-406d-80d3-7a803649e979","821379e7-15b9-4aee-a5ba-88df2636d484","rc189",""
"d81e7306-cc4c-4f9f-aab1-2923e0aa1415","KALE22A26PR800099","","d71d5024-9949-4c4a-9571-ffd78f0583d3","CUSTOMER_RESERVED","bb5cf01f-998b-4d3e-b7b6-c08b23f979dc","","rc189",""
"d88eee22-c95a-4d6f-8319-9eddc92999db","KALE22A26PR800051","","d71d5024-9949-4c4a-9571-ffd78f0583d3","SOLD","0ca53f25-f40a-40b0-a147-83c53d317896","f4e42db6-4a4e-4502-81a1-52b6fea0613f","rc189",""
"d88eee22-c95a-4d6f-8319-9eddc92999db","KALE22A26PR800051","","d71d5024-9949-4c4a-9571-ffd78f0583d3","SOLD","0ca53f25-f40a-40b0-a147-83c53d317896","f4e42db6-4a4e-4502-81a1-52b6fea0613f","rc189",""
"d8cf3f1d-a3c2-4064-9095-4238788713eb","LL22AH7SWE0800217","","d71d5024-9949-4c4a-9571-ffd78f0583d3","SOLD","c5d75be9-2e8d-42f8-a11d-64e3bdeaaf12","28cb56c4-cbac-4a10-ba21-d9cce37dd77f","rc189",""
"d9456c88-fc54-4a63-b048-0514623439ad","KALE22A26PR800046","","d71d5024-9949-4c4a-9571-ffd78f0583d3","SOLD","7160cddd-f6b0-443c-9c47-7b1e2758bc9b","da2aaed2-38e9-4b4a-bdd3-4350a860fda3","rc189",""
"dcb896d5-e45a-4ea8-b4fd-7fe24dee6655","KALE22A26PR800003","","d71d5024-9949-4c4a-9571-ffd78f0583d3","SOLD","925646cb-d36f-42f3-8070-8cedfde1e568","9985bf59-3874-42a1-9724-54dc59246b09","rc189",""
"dcd72594-c1e2-49e3-ac63-39ba7ec527c6","KALE22A26PR800092","","d71d5024-9949-4c4a-9571-ffd78f0583d3","SOLD","274d778f-c411-446a-b1de-befe21735bc8","821379e7-15b9-4aee-a5ba-88df2636d484","rc189",""
"def1eb37-3e02-48e3-a845-dc3798b3091b","LL22AH7SWE0800147","","d71d5024-9949-4c4a-9571-ffd78f0583d3","SOLD","b89c25f5-eb97-4092-9bc7-bf10259eb2b1","821379e7-15b9-4aee-a5ba-88df2636d484","rc189",""
"dfabbe23-46e4-4242-b629-617543ee30d4","LL22AH7SWE0800158","","d71d5024-9949-4c4a-9571-ffd78f0583d3","FACTORY_INSTOCK","","","rc189",""
"e03a0b3d-790f-4209-83b5-20615dc6966e","KALE22A26PR800089","","d71d5024-9949-4c4a-9571-ffd78f0583d3","SOLD","6d6fefe1-c5e6-4d63-83e0-669ded73549d","5ef4d24a-d941-4f30-9328-651187d52da3","rc189",""
"e0a7df01-db83-467b-a381-7e2b93a28792","LL22AH7SWE0800207","","d71d5024-9949-4c4a-9571-ffd78f0583d3","SOLD","849996a3-7ce4-4c2a-a554-5f026c9076a5","e3e4f0af-4e77-48c7-bee4-03012e02869a","rc189",""
"e13820c1-581c-4402-b058-3b7690bf4546","LL22AH7SWE0800200","","d71d5024-9949-4c4a-9571-ffd78f0583d3","DEALER_INSTOCK","","28cb56c4-cbac-4a10-ba21-d9cce37dd77f","rc189",""
"e240db5a-de9f-4746-bcaa-04015d9f9220","LL22AH7SWE0800162","","d71d5024-9949-4c4a-9571-ffd78f0583d3","DEALER_INSTOCK","","5ef4d24a-d941-4f30-9328-651187d52da3","rc189",""
"e2f16a47-f547-4a25-b613-e160f2acc4f7","KALE22A26PR800039","","d71d5024-9949-4c4a-9571-ffd78f0583d3","SOLD","7d2069df-8aa7-4652-ba17-6075b4979bf4","28cb56c4-cbac-4a10-ba21-d9cce37dd77f","rc189",""
"e33d3d63-d494-4884-ab8c-ccd06043a082","KALE22A26PR800066","","d71d5024-9949-4c4a-9571-ffd78f0583d3","SOLD","adaa7405-1532-4005-ba6f-41fa8796be5b","f4e42db6-4a4e-4502-81a1-52b6fea0613f","rc189",""
"e3d101d6-5f1f-46ea-996a-8c532eec1272","KALE22A26PR800048","","d71d5024-9949-4c4a-9571-ffd78f0583d3","SOLD","ca68cd0a-66ab-4576-8955-9535dc39c6a7","9985bf59-3874-42a1-9724-54dc59246b09","rc189",""
"e63baff4-839b-4f8a-b144-7fd6df07b7ac","LL22AH7SWE0800202","","d71d5024-9949-4c4a-9571-ffd78f0583d3","SOLD","a7560af3-010c-48b3-af86-d80030b06689","28cb56c4-cbac-4a10-ba21-d9cce37dd77f","rc189",""
"e64ead44-0db1-4027-93b7-78612085cdf3","KASSL2ME11NM800120","","d71d5024-9949-4c4a-9571-ffd78f0583d3","SOLD","6acab3f6-9d16-47d7-9c58-ba46fccbeef8","01e69e5d-99c3-42f8-b5e0-065ec6fc8333","rc189",""
"e671973d-43fe-4f03-a007-0f2f2ef90bc6","KALE22A26PR800018","","d71d5024-9949-4c4a-9571-ffd78f0583d3","SOLD","2804bf90-3d75-4043-983a-355070cf09f1","01e69e5d-99c3-42f8-b5e0-065ec6fc8333","rc189",""
"e6b217fe-a2b7-4d45-b545-66036a3d433f","KALE22A26PR800102","","d71d5024-9949-4c4a-9571-ffd78f0583d3","SOLD","10202503-004a-44d6-b327-ded8eb1160ad","821379e7-15b9-4aee-a5ba-88df2636d484","rc189",""
"e9437197-6943-48b9-b150-61e3e2ca76a9","CHA12","","d71d5024-9949-4c4a-9571-ffd78f0583d3","CUSTOMER_RESERVED","5f789f7b-ede9-49de-9079-5c2471e00fc1","","rc189",""
"ea489a23-4e72-413a-b9de-a00d5842e268","LL22AH7SWE0800219","","d71d5024-9949-4c4a-9571-ffd78f0583d3","SOLD","4845deea-e522-40a6-b812-10a4586712bd","9985bf59-3874-42a1-9724-54dc59246b09","rc189",""
"ea560d2e-c8bf-4a86-952c-ba87604d2cb3","LL22AH7SWE0800208","","d71d5024-9949-4c4a-9571-ffd78f0583d3","DEALER_INSTOCK","","f25698a3-c6bd-410c-8dc2-edc7f9310a98","rc189",""
"eb33d613-bf3a-4e57-b4c1-dd4c66c8b47b","KALE22A26PR800091","","d71d5024-9949-4c4a-9571-ffd78f0583d3","SOLD","31b03851-df14-4554-a4d5-fbba6105b208","28cb56c4-cbac-4a10-ba21-d9cce37dd77f","rc189",""
"eb69f84f-5776-417c-b19e-a8e59c6978d6","LL22AH7SWE0800271","","d71d5024-9949-4c4a-9571-ffd78f0583d3","SOLD","f18589cb-a715-498a-b494-a80557bf0d2c","9985bf59-3874-42a1-9724-54dc59246b09","rc189",""
"ee83d100-378a-40bd-843a-02f03cb18c50","KALE22A26PR800036","","d71d5024-9949-4c4a-9571-ffd78f0583d3","SOLD","d0ab2c4e-82ec-4fab-9cd6-242a3acf7746","28cb56c4-cbac-4a10-ba21-d9cce37dd77f","rc189",""
"f186dd17-f745-4be3-9a87-208ccb7951b5","KALE22A26PR800073","","d71d5024-9949-4c4a-9571-ffd78f0583d3","SOLD","f6f05021-cf21-4b9d-a0c3-2ba0bec003b0","28cb56c4-cbac-4a10-ba21-d9cce37dd77f","rc189",""
"f1c3dc7e-68d4-4ee2-8290-3b088f74ff87","LL22AH7SWE0800222","","d71d5024-9949-4c4a-9571-ffd78f0583d3","SOLD","68c54ac5-bdb9-4bf6-a468-5fb440465df6","821379e7-15b9-4aee-a5ba-88df2636d484","rc189",""
"f3e0fa80-5787-41c0-a32b-5b3abe3888b6","KALE22A26PR800082","","d71d5024-9949-4c4a-9571-ffd78f0583d3","SOLD","5644f261-9b0f-49bc-9b53-7263cc0627be","28cb56c4-cbac-4a10-ba21-d9cce37dd77f","rc189",""
"f6d0ffba-6801-48ee-ad60-b4c7cf67634a","LL22AH7SWE0800182","","d71d5024-9949-4c4a-9571-ffd78f0583d3","DEALER_INSTOCK","","f4e42db6-4a4e-4502-81a1-52b6fea0613f","rc189",""
"f8519546-973a-47ac-b76e-c2063f131454","KALE22A26PR800085","","d71d5024-9949-4c4a-9571-ffd78f0583d3","SOLD","be5abd7a-b780-4c4a-876c-1bfe7d73ea21","66b376a4-e302-4826-803c-5dc30e49d0eb","rc189",""
"f893dbcf-ac2c-4ec5-86b4-c4594f04bc7e","LL22AH7SWE0800231","","d71d5024-9949-4c4a-9571-ffd78f0583d3","SOLD","e1e976ca-4e12-4437-a7db-422be02e98e0","9985bf59-3874-42a1-9724-54dc59246b09","rc189",""
"f97d6b71-3feb-4056-b449-bf519ef79aed","LL22AH7SWE0800234","","d71d5024-9949-4c4a-9571-ffd78f0583d3","SOLD","f1831bc1-5699-483a-b8ad-05913cec0ee0","f25698a3-c6bd-410c-8dc2-edc7f9310a98","rc189",""
"f9ef00dd-c1c3-43fd-8205-a43a187410d1","CH9991","","d71d5024-9949-4c4a-9571-ffd78f0583d3","CUSTOMER_RESERVED","9fb98e52-0798-4f33-b5e7-01be590a8479","","rc189",""
"f9f1ca5f-0f11-44d2-96f3-aa3575dcd68b","LL22AH7SWE0800156","","d71d5024-9949-4c4a-9571-ffd78f0583d3","SOLD","9293cd6b-3b50-4f55-86a7-ac82a00832ba","f4e42db6-4a4e-4502-81a1-52b6fea0613f","rc189",""
"fab0b9f0-0949-486b-9b3e-836d04125759","KALE22A26PR800007","","d71d5024-9949-4c4a-9571-ffd78f0583d3","SOLD","4e879fab-f682-41a0-bdbc-c68b3a99ad81","01e69e5d-99c3-42f8-b5e0-065ec6fc8333","rc189",""
"fb3700f1-ebe1-4017-beb7-9de95bbc9959","LL22AH7SWE0800260","","d71d5024-9949-4c4a-9571-ffd78f0583d3","SOLD","28eb71c6-87d0-4f95-b70a-8ffbaaf7d7af","9985bf59-3874-42a1-9724-54dc59246b09","rc189",""
"fb519a04-d73e-4b11-9fbe-8c9c357f777a","LL22AH7SWE0800258","","d71d5024-9949-4c4a-9571-ffd78f0583d3","SOLD","64aaf726-7051-46bc-a656-45fe13261390","e3e4f0af-4e77-48c7-bee4-03012e02869a","rc189",""
"fbdd4e06-2787-48ed-a086-60ce5590aedb","LL22AH7SWE0800228","","d71d5024-9949-4c4a-9571-ffd78f0583d3","SOLD","02d5090f-eef6-44a2-9165-f89d2dbba075","9985bf59-3874-42a1-9724-54dc59246b09","rc189",""
"fc2b4adc-8646-4c71-82d3-ed07ae8ef3d7","LL22AH7SWE0800261","","d71d5024-9949-4c4a-9571-ffd78f0583d3","SOLD","0b4724dc-e1ae-4cdb-9879-516ec3aa3329","9985bf59-3874-42a1-9724-54dc59246b09","rc189",""
"fde4ae67-e26c-4491-b830-56febca5c1a4","LL22AH7SWE0800178","","d71d5024-9949-4c4a-9571-ffd78f0583d3","DEALER_INSTOCK","","5d152fb7-bc70-4f56-8dab-59b0a621e619","rc189",""
"fe06f626-52f8-40bf-8efe-be2551873135","LL22AH7SWE0800268","","7e655ec5-ad99-4f16-89de-d62ba937f92f","SOLD","23a909b1-fb09-4075-801f-591d63ba0b2f","821379e7-15b9-4aee-a5ba-88df2636d484","rc189",""
"ff023f66-71fe-4f38-b5f7-ba2e179f1821","LL22AH7SWE0800205","","d71d5024-9949-4c4a-9571-ffd78f0583d3","SOLD","987cef5a-4447-4067-aaaa-b76769c2a459","f25698a3-c6bd-410c-8dc2-edc7f9310a98","rc189",""
"ffb39da0-d8bc-4f41-989c-117b2da5c097","KALE22A26PR800059","","d71d5024-9949-4c4a-9571-ffd78f0583d3","SOLD","9ab17183-6d58-4ed8-a6c0-d76026ea2b6f","28cb56c4-cbac-4a10-ba21-d9cce37dd77f","rc189",""